Workbook

Sheet 12
A1: DATE | B1: 45992
A2: NAMA | B2: MUHAMMAD RIDZUAN RADHI BIN ZURAIMI
A3: I/C NO | B3: 921231-14-6212
A4: EMPLOYEE NO | B4: W-R004
A5: DEPT | B5: OPS
A6: JOB | B6: W-SRA IBNU KATHIR
A7: SOCSO | B7: 921231146212
A8: EPF NO | B8: 19076692
A10: Perkara | B10: Amount (RM) | C10: Days | D10: Total (RM) | G10: Bulan | H10: Jumlah Tuntutan | I10: Butiran
A11: Basic Salary | B11: 65.38 | C11: 26 | D11: =B11*C11 -> 1699.88 | G11: 46054 | H11: ='1'!D26 -> 1031.66
A12: Basic OT - 4 Hour | B12: 49.04 | C12: 26 | D12: =B12*C12 -> 1275.04 | G12: 46082 | H12: ='3'!D26 -> 1346.58
A13: Rest Day | B13: 130.76 | C13: 4 | D13: =B13*C13 -> 523.04 | G13: 46113 | H13: ='4'!D26 -> 1241.59
A14: WD Extra | B14: 80.59 | C14: 1 | D14: =B14*C14 -> 80.59 | G14: 46143 | H14: ='5'!D26 -> 1346.58
A15: Rest Day OT 4 Hour | B15: 65.36 | C15: 4 | D15: =B15*C15 -> 261.44 | G15: 46174 | H15: ='6'!D26 -> 1183.55
A16: Public Holiday | B16: 130.76 | C16: 0 | D16: =B16*C16 -> 0 | G16: 46204 | H16: ='7'!D26 -> 1299.63
A17: Public Holiday OT | B17: 98.04 | C17: 0 | D17: =B17*C17 -> 0 | G17: 46235 | H17: ='08'!D26 -> 1346.58
A18: Jumlah Gaji Kasar Sepatutnya Dibayar | D18: =SUM(D11:D17) -> 3839.99 | E18: A | G18: 46266 | H18: ='09'!D26 -> 1183.55
A19: Pinjaman | D19: -500 | G19: - | I19: Tidak menuntut kerana slip gaji hilang
A20: EPF | D20: -187 | G20: - | I20: Tidak menuntut kerana slip gaji hilang
A21: SOCSO | D21: -8.25 | G21: 46357 | H21: =D26 -> 1299.63
A22: EIS | D22: -3.3 | G22: Jumlah Tuntutan | H22: =SUM(H11:H21) -> 11279.35
A23: Jumlah Gaji Bersih Sepatutnya Dibayar | D23: =SUM(D18:D22) -> 3141.44 | E23: B
A25: Jumlah Gaji Yang Telah Dibayar | D25: 1841.81 | E25: C
A26: Jumlah Gaji Yang Dituntut (B-C) | D26: =D23-D25 -> 1299.63

Sheet 11
A1: DATE | B1: 45962
A2: NAMA | B2: MUHAMMAD RIDZUAN RADHI BIN ZURAIMI
A3: I/C NO | B3: 921231-14-6212
A4: EMPLOYEE NO | B4: W-R004
A5: DEPT | B5: OPS
A6: JOB | B6: W-SRA IBNU KATHIR
A7: SOCSO | B7: 921231146212
A8: EPF NO | B8: 19076692
A10: Perkara | B10: Amount (RM) | C10: Days | D10: Total (RM)
A11: Basic Salary | B11: 65.38 | C11: 26 | D11: =B11*C11 -> 1699.88
A12: Basic OT - 4 Hour | B12: 49.04 | C12: 26 | D12: =B12*C12 -> 1275.04
A13: Rest Day | B13: 130.76 | C13: 2 | D13: =B13*C13 -> 261.52
A14: WD Extra | B14: 80.59 | C14: 0 | D14: =B14*C14 -> 0
A15: Rest Day OT 4 Hour | B15: 65.36 | C15: 2 | D15: =B15*C15 -> 130.72
A16: Public Holiday | B16: 130.76 | C16: 2 | D16: =B16*C16 -> 261.52
A17: Public Holiday OT | B17: 98.04 | C17: 2 | D17: =B17*C17 -> 196.08
A18: Jumlah Gaji Kasar Sepatutnya Dibayar | D18: =SUM(D11:D17) -> 3824.76 | E18: A
A19: Pinjaman | D19: -500
A20: EPF | D20: -187
A21: SOCSO | D21: -8.25
A22: EIS | D22: -3.3
A23: Jumlah Gaji Bersih Sepatutnya Dibayar | D23: =SUM(D18:D22) -> 3126.21 | E23: B
A25: Jumlah Gaji Yang Telah Dibayar | D25: 1942.66 | E25: C
A26: Jumlah Gaji Yang Dituntut (B-C) | D26: =D23-D25 -> 1183.55

Sheet 10
A1: DATE | B1: 45931
A2: NAMA | B2: MUHAMMAD RIDZUAN RADHI BIN ZURAIMI
A3: I/C NO | B3: 921231-14-6212
A4: EMPLOYEE NO | B4: W-R004
A5: DEPT | B5: OPS
A6: JOB | B6: W-SRA IBNU KATHIR
A7: SOCSO | B7: 921231146212
A8: EPF NO | B8: 19076692
A10: Perkara | B10: Amount (RM) | C10: Days | D10: Total (RM)
A11: Basic Salary | B11: 65.38 | C11: 26 | D11: =B11*C11 -> 1699.88
A12: Basic OT - 4 Hour | B12: 49.04 | C12: 26 | D12: =B12*C12 -> 1275.04
A13: Rest Day | B13: 130.76 | C13: 2 | D13: =B13*C13 -> 261.52
A14: WD Extra | B14: 80.59 | C14: 0 | D14: =B14*C14 -> 0
A15: Rest Day OT 4 Hour | B15: 65.36 | C15: 2 | D15: =B15*C15 -> 130.72
A16: Public Holiday | B16: 130.76 | C16: 2 | D16: =B16*C16 -> 261.52
A17: Public Holiday OT | B17: 98.04 | C17: 2 | D17: =B17*C17 -> 196.08
A18: Jumlah Gaji Kasar Sepatutnya Dibayar | D18: =SUM(D11:D17) -> 3824.76 | E18: A
A19: Pinjaman | D19: -500
A20: EPF | D20: -187
A21: SOCSO | D21: -8.25
A22: EIS | D22: -3.3
A23: Jumlah Gaji Bersih Sepatutnya Dibayar | D23: =SUM(D18:D22) -> 3126.21 | E23: B
A25: Jumlah Gaji Yang Telah Dibayar | D25: 1942.66 | E25: C
A26: Jumlah Gaji Yang Dituntut (B-C) | D26: =D23-D25 -> 1183.55

Sheet 09
A1: DATE | B1: 45901
A2: NAMA | B2: MUHAMMAD RIDZUAN RADHI BIN ZURAIMI
A3: I/C NO | B3: 921231-14-6212
A4: EMPLOYEE NO | B4: W-R004
A5: DEPT | B5: OPS
A6: JOB | B6: W-SRA IBNU KATHIR
A7: SOCSO | B7: 921231146212
A8: EPF NO | B8: 19076692
A10: Perkara | B10: Amount (RM) | C10: Days | D10: Total (RM)
A11: Basic Salary | B11: 65.38 | C11: 26 | D11: =B11*C11 -> 1699.88
A12: Basic OT - 4 Hour | B12: 49.04 | C12: 26 | D12: =B12*C12 -> 1275.04
A13: Rest Day | B13: 130.76 | C13: 2 | D13: =B13*C13 -> 261.52
A14: WD Extra | B14: 80.59 | C14: 0 | D14: =B14*C14 -> 0
A15: Rest Day OT 4 Hour | B15: 65.36 | C15: 2 | D15: =B15*C15 -> 130.72
A16: Public Holiday | B16: 130.76 | C16: 2 | D16: =B16*C16 -> 261.52
A17: Public Holiday OT | B17: 98.04 | C17: 2 | D17: =B17*C17 -> 196.08
A18: Jumlah Gaji Kasar Sepatutnya Dibayar | D18: =SUM(D11:D17) -> 3824.76 | E18: A
A19: Pinjaman | D19: -500
A20: EPF | D20: -187
A21: SOCSO | D21: -8.25
A22: EIS | D22: -3.3
A23: Jumlah Gaji Bersih Sepatutnya Dibayar | D23: =SUM(D18:D22) -> 3126.21 | E23: B
A25: Jumlah Gaji Yang Telah Dibayar | D25: 1942.66 | E25: C
A26: Jumlah Gaji Yang Dituntut (B-C) | D26: =D23-D25 -> 1183.55

Sheet 08
A1: DATE | B1: 45870
A2: NAMA | B2: MUHAMMAD RIDZUAN RADHI BIN ZURAIMI
A3: I/C NO | B3: 921231-14-6212
A4: EMPLOYEE NO | B4: W-R004
A5: DEPT | B5: OPS
A6: JOB | B6: W-SRA IBNU KATHIR
A7: SOCSO | B7: 921231146212
A8: EPF NO | B8: 19076692
A10: Perkara | B10: Amount (RM) | C10: Days | D10: Total (RM)
A11: Basic Salary | B11: 65.38 | C11: 26 | D11: =B11*C11 -> 1699.88
A12: Basic OT - 4 Hour | B12: 49.04 | C12: 26 | D12: =B12*C12 -> 1275.04
A13: Rest Day | B13: 130.76 | C13: 4 | D13: =B13*C13 -> 523.04
A14: WD Extra | B14: 80.59 | C14: 0 | D14: =B14*C14 -> 0
A15: Rest Day OT 4 Hour | B15: 65.36 | C15: 4 | D15: =B15*C15 -> 261.44
A16: Public Holiday | B16: 130.76 | C16: 1 | D16: =B16*C16 -> 130.76
A17: Public Holiday OT | B17: 98.04 | C17: 1 | D17: =B17*C17 -> 98.04
A18: Jumlah Gaji Kasar Sepatutnya Dibayar | D18: =SUM(D11:D17) -> 3988.2 | E18: A
A19: Pinjaman | D19: -500
A20: EPF | D20: -187
A21: SOCSO | D21: -8.25
A22: EIS | D22: -3.3
A23: Jumlah Gaji Bersih Sepatutnya Dibayar | D23: =SUM(D18:D22) -> 3289.65 | E23: B
A25: Jumlah Gaji Yang Telah Dibayar | D25: 1943.07 | E25: C
A26: Jumlah Gaji Yang Dituntut (B-C) | D26: =D23-D25 -> 1346.58

Sheet 7
A1: DATE | B1: 45839
A2: NAMA | B2: MUHAMMAD RIDZUAN RADHI BIN ZURAIMI
A3: I/C NO | B3: 921231-14-6212
A4: EMPLOYEE NO | B4: W-R004
A5: DEPT | B5: OPS
A6: JOB | B6: W-SRA IBNU KATHIR
A7: SOCSO | B7: 921231146212
A8: EPF NO | B8: 19076692
A10: Perkara | B10: Amount (RM) | C10: Days | D10: Total (RM)
A11: Basic Salary | B11: 65.38 | C11: 26 | D11: =B11*C11 -> 1699.88
A12: Basic OT - 4 Hour | B12: 49.04 | C12: 26 | D12: =B12*C12 -> 1275.04
A13: Rest Day | B13: 130.76 | C13: 4 | D13: =B13*C13 -> 523.04
A14: WD Extra | B14: 80.59 | C14: 1 | D14: =B14*C14 -> 80.59
A15: Rest Day OT 4 Hour | B15: 65.36 | C15: 4 | D15: =B15*C15 -> 261.44
A16: Public Holiday | B16: 130.76 | C16: 0 | D16: =B16*C16 -> 0
A17: Public Holiday OT | B17: 98.04 | C17: 0 | D17: =B17*C17 -> 0
A18: Jumlah Gaji Kasar Sepatutnya Dibayar | D18: =SUM(D11:D17) -> 3839.99 | E18: A
A19: Pinjaman | D19: -500
A20: EPF | D20: -187
A21: SOCSO | D21: -8.25
A22: EIS | D22: -3.3
A23: Jumlah Gaji Bersih Sepatutnya Dibayar | D23: =SUM(D18:D22) -> 3141.44 | E23: B
A25: Jumlah Gaji Yang Telah Dibayar | D25: 1841.81 | E25: C
A26: Jumlah Gaji Yang Dituntut (B-C) | D26: =D23-D25 -> 1299.63

Sheet 6
A1: DATE | B1: 45809
A2: NAMA | B2: MUHAMMAD RIDZUAN RADHI BIN ZURAIMI
A3: I/C NO | B3: 921231-14-6212
A4: EMPLOYEE NO | B4: W-R004
A5: DEPT | B5: OPS
A6: JOB | B6: W-SRA IBNU KATHIR
A7: SOCSO | B7: 921231146212
A8: EPF NO | B8: 19076692
A10: Perkara | B10: Amount (RM) | C10: Days | D10: Total (RM)
A11: Basic Salary | B11: 65.38 | C11: 26 | D11: =B11*C11 -> 1699.88
A12: Basic OT - 4 Hour | B12: 49.04 | C12: 26 | D12: =B12*C12 -> 1275.04
A13: Rest Day | B13: 130.76 | C13: 2 | D13: =B13*C13 -> 261.52
A14: WD Extra | B14: 80.59 | C14: 0 | D14: =B14*C14 -> 0
A15: Rest Day OT 4 Hour | B15: 65.36 | C15: 2 | D15: =B15*C15 -> 130.72
A16: Public Holiday | B16: 130.76 | C16: 2 | D16: =B16*C16 -> 261.52
A17: Public Holiday OT | B17: 98.04 | C17: 2 | D17: =B17*C17 -> 196.08
A18: Jumlah Gaji Kasar Sepatutnya Dibayar | D18: =SUM(D11:D17) -> 3824.76 | E18: A
A19: Pinjaman | D19: -500
A20: EPF | D20: -187
A21: SOCSO | D21: -8.25
A22: EIS | D22: -3.3
A23: Jumlah Gaji Bersih Sepatutnya Dibayar | D23: =SUM(D18:D22) -> 3126.21 | E23: B
A25: Jumlah Gaji Yang Telah Dibayar | D25: 1942.66 | E25: C
A26: Jumlah Gaji Yang Dituntut (B-C) | D26: =D23-D25 -> 1183.55

Sheet 5
A1: DATE | B1: 45778
A2: NAMA | B2: MUHAMMAD RIDZUAN RADHI BIN ZURAIMI
A3: I/C NO | B3: 921231-14-6212
A4: EMPLOYEE NO | B4: W-R004
A5: DEPT | B5: OPS
A6: JOB | B6: W-SRA IBNU KATHIR
A7: SOCSO | B7: 921231146212
A8: EPF NO | B8: 19076692
A10: Perkara | B10: Amount (RM) | C10: Days | D10: Total (RM)
A11: Basic Salary | B11: 65.38 | C11: 26 | D11: =B11*C11 -> 1699.88
A12: Basic OT - 4 Hour | B12: 49.04 | C12: 26 | D12: =B12*C12 -> 1275.04
A13: Rest Day | B13: 130.76 | C13: 4 | D13: =B13*C13 -> 523.04
A14: WD Extra | B14: 80.59 | C14: 0 | D14: =B14*C14 -> 0
A15: Rest Day OT 4 Hour | B15: 65.36 | C15: 4 | D15: =B15*C15 -> 261.44
A16: Public Holiday | B16: 130.76 | C16: 1 | D16: =B16*C16 -> 130.76
A17: Public Holiday OT | B17: 98.04 | C17: 1 | D17: =B17*C17 -> 98.04
A18: Jumlah Gaji Kasar Sepatutnya Dibayar | D18: =SUM(D11:D17) -> 3988.2 | E18: A
A19: Pinjaman | D19: -500
A20: EPF | D20: -187
A21: SOCSO | D21: -8.25
A22: EIS | D22: -3.3
A23: Jumlah Gaji Bersih Sepatutnya Dibayar | D23: =SUM(D18:D22) -> 3289.65 | E23: B
A25: Jumlah Gaji Yang Telah Dibayar | D25: 1943.07 | E25: C
A26: Jumlah Gaji Yang Dituntut (B-C) | D26: =D23-D25 -> 1346.58

Sheet 4
A1: DATE | B1: 45748
A2: NAMA | B2: MUHAMMAD RIDZUAN RADHI BIN ZURAIMI
A3: I/C NO | B3: 921231-14-6212
A4: EMPLOYEE NO | B4: W-R004
A5: DEPT | B5: OPS
A6: JOB | B6: W-SRA IBNU KATHIR
A7: SOCSO | B7: 921231146212
A8: EPF NO | B8: 19076692
A10: Perkara | B10: Amount (RM) | C10: Days | D10: Total (RM)
A11: Basic Salary | B11: 65.38 | C11: 26 | D11: =B11*C11 -> 1699.88
A12: Basic OT - 4 Hour | B12: 49.04 | C12: 26 | D12: =B12*C12 -> 1275.04
A13: Rest Day | B13: 130.76 | C13: 3 | D13: =B13*C13 -> 392.28
A14: WD Extra | B14: 80.59 | C14: 0 | D14: =B14*C14 -> 0
A15: Rest Day OT 4 Hour | B15: 65.36 | C15: 3 | D15: =B15*C15 -> 196.08
A16: Public Holiday | B16: 130.76 | C16: 1 | D16: =B16*C16 -> 130.76
A17: Public Holiday OT | B17: 98.04 | C17: 1 | D17: =B17*C17 -> 98.04
A18: Jumlah Gaji Kasar Sepatutnya Dibayar | D18: =SUM(D11:D17) -> 3792.08 | E18: A
A19: Pinjaman | D19: -500
A20: EPF | D20: -187
A21: SOCSO | D21: -8.25
A22: EIS | D22: -3.3
A23: Jumlah Gaji Bersih Sepatutnya Dibayar | D23: =SUM(D18:D22) -> 3093.53 | E23: B
A25: Jumlah Gaji Yang Telah Dibayar | D25: 1851.94 | E25: C
A26: Jumlah Gaji Yang Dituntut (B-C) | D26: =D23-D25 -> 1241.59

Sheet 3
A1: DATE | B1: 45717
A2: NAMA | B2: MUHAMMAD RIDZUAN RADHI BIN ZURAIMI
A3: I/C NO | B3: 921231-14-6212
A4: EMPLOYEE NO | B4: W-R004
A5: DEPT | B5: OPS
A6: JOB | B6: W-SRA IBNU KATHIR
A7: SOCSO | B7: 921231146212
A8: EPF NO | B8: 19076692
A10: Perkara | B10: Amount (RM) | C10: Days | D10: Total (RM)
A11: Basic Salary | B11: 65.38 | C11: 26 | D11: =B11*C11 -> 1699.88
A12: Basic OT - 4 Hour | B12: 49.04 | C12: 26 | D12: =B12*C12 -> 1275.04
A13: Rest Day | B13: 130.76 | C13: 4 | D13: =B13*C13 -> 523.04
A14: WD Extra | B14: 80.59 | C14: 0 | D14: =B14*C14 -> 0
A15: Rest Day OT 4 Hour | B15: 65.36 | C15: 4 | D15: =B15*C15 -> 261.44
A16: Public Holiday | B16: 130.76 | C16: 1 | D16: =B16*C16 -> 130.76
A17: Public Holiday OT | B17: 98.04 | C17: 1 | D17: =B17*C17 -> 98.04
A18: Jumlah Gaji Kasar Sepatutnya Dibayar | D18: =SUM(D11:D17) -> 3988.2 | E18: A
A19: Pinjaman | D19: -800
A20: EPF | D20: -187
A21: SOCSO | D21: -8.25
A22: EIS | D22: -3.3
A23: Jumlah Gaji Bersih Sepatutnya Dibayar | D23: =SUM(D18:D22) -> 2989.65 | E23: B
A25: Jumlah Gaji Yang Telah Dibayar | D25: 1643.07 | E25: C
A26: Jumlah Gaji Yang Dituntut (B-C) | D26: =D23-D25 -> 1346.58

Sheet 2
A1: DATE | B1: 45689
A2: NAMA | B2: MUHAMMAD RIDZUAN RADHI BIN ZURAIMI
A3: I/C NO | B3: 921231-14-6212
A4: EMPLOYEE NO | B4: W-R004
A5: DEPT | B5: OPS
A6: JOB | B6: W-SRA IBNU KATHIR
A7: SOCSO | B7: 921231146212
A8: EPF NO | B8: 19076692
A10: Perkara | B10: Amount (RM) | C10: Days | D10: Total (RM)
A11: Basic Salary | B11: 65.38 | C11: 26 | D11: =B11*C11 -> 1699.88
A12: Basic OT - 4 Hour | B12: 49.04 | C12: 26 | D12: =B12*C12 -> 1275.04
A13: Rest Day | B13: 130.76 | C13: 1 | D13: =B13*C13 -> 130.76
A14: WD Extra | B14: 80.59 | C14: 0 | D14: =B14*C14 -> 0
A15: Rest Day OT 4 Hour | B15: 65.36 | C15: 1 | D15: =B15*C15 -> 65.36
A16: Public Holiday | B16: 130.76 | C16: 1 | D16: =B16*C16 -> 130.76
A17: Public Holiday OT | B17: 98.04 | C17: 1 | D17: =B17*C17 -> 98.04
A18: Jumlah Gaji Kasar Sepatutnya Dibayar | D18: =SUM(D11:D17) -> 3399.84 | E18: A
A19: Pinjaman | D19: -500
A20: EPF | D20: -187
A21: SOCSO | D21: -8.25
A22: EIS | D22: -3.3
A23: Jumlah Gaji Bersih Sepatutnya Dibayar | D23: =SUM(D18:D22) -> 2701.29 | E23: B
A25: Jumlah Gaji Yang Telah Dibayar | D25: 1669.63 | E25: C
A26: Jumlah Gaji Yang Dituntut (B-C) | D26: =D23-D25 -> 1031.66

Sheet 1
A1: DATE | B1: 45658
A2: NAMA | B2: MUHAMMAD RIDZUAN RADHI BIN ZURAIMI
A3: I/C NO | B3: 921231-14-6212
A4: EMPLOYEE NO | B4: W-R004
A5: DEPT | B5: OPS
A6: JOB | B6: W-SRA IBNU KATHIR
A7: SOCSO | B7: 921231146212
A8: EPF NO | B8: 19076692
A10: Perkara | B10: Amount (RM) | C10: Days | D10: Total (RM)
A11: Basic Salary | B11: 65.38 | C11: 26 | D11: =B11*C11 -> 1699.88
A12: Basic OT - 4 Hour | B12: 49.04 | C12: 26 | D12: =B12*C12 -> 1275.04
A13: Rest Day | B13: 130.76 | C13: 1 | D13: =B13*C13 -> 130.76
A14: WD Extra | B14: 80.59 | C14: 0 | D14: =B14*C14 -> 0
A15: Rest Day OT 4 Hour | B15: 65.36 | C15: 1 | D15: =B15*C15 -> 65.36
A16: Public Holiday | B16: 130.76 | C16: 1 | D16: =B16*C16 -> 130.76
A17: Public Holiday OT | B17: 98.04 | C17: 1 | D17: =B17*C17 -> 98.04
A18: Jumlah Gaji Kasar Sepatutnya Dibayar | D18: =SUM(D11:D17) -> 3399.84 | E18: A
A19: Pinjaman | D19: -500
A20: EPF | D20: -187
A21: SOCSO | D21: -8.25
A22: EIS | D22: -3.3
A23: Jumlah Gaji Bersih Sepatutnya Dibayar | D23: =SUM(D18:D22) -> 2701.29 | E23: B
A25: Jumlah Gaji Yang Telah Dibayar | D25: 1669.63 | E25: C
A26: Jumlah Gaji Yang Dituntut (B-C) | D26: =D23-D25 -> 1031.66

Sheet summary
A8: Jumlah Gaji Ditunt
A10: Bulan | B10: Jumlah Tuntutan | C10: Butiran
A11: 46054 | B11: ='1'!D26 -> 1031.66
A12: 46082 | B12: ='3'!D26 -> 1346.58
A13: 46113 | B13: ='4'!D26 -> 1241.59
A14: 46143 | B14: ='5'!D26 -> 1346.58
A15: 46174 | B15: ='6'!D26 -> 1183.55
A16: 46204 | B16: ='7'!D26 -> 1299.63
A17: 46235 | B17: ='08'!D26 -> 1346.58
A18: 46266 | B18: ='09'!D26 -> 1183.55
A19: - | C19: Tidak menuntut kerana slip gaji hilang
A20: - | C20: Tidak menuntut kerana slip gaji hilang
A21: 46357 | B21: ='12'!D26 -> 1299.63
A22: Jumlah Gaji Terkurang Bayar | B22: =SUM(B11:B21) -> 11279.35
A24: Jumlah Gaji Terkurang bayar yang telah dikreditkan pada 17 Mei 2026 2026 | B24: -1326.7 | C24: Penyatan Akaun dilampirkan
A25: Jumlah Gaji Terkurang Bayar yang dituntut | B25: =SUM(B22:B24) -> 9952.65
A27: Ringkasan Pengiraan
A29: Jumlah Gaji Terkurang Bayar: RM11,279.35
A30: Tolakan bayaran telah dikreditkan (17 Mei 2026): RM1,326.70
A31: Jumlah Tuntutan Bersih: RM9,952.65
